,player_team,player_name,player_minute,xthreat_ec_mean
243,Real Madrid,Lucas Vázquez,482,0.5161623698485704
97,Granada CF,Wilson Manafá,241,0.470177827482817
321,Rayo Vallecano,Pep Chavarría,245,0.3996930848121424
334,Real Betis,Youssouf Sabaly,270,0.3943082052132436
188,Atlético de Madrid,Yannick Carrasco,223,0.3927354049989153
113,Cádiz,Momo Mbaye,286,0.3386074983350668
169,Real Betis,Aitor Ruibal,647,0.3337449789211119
244,Las Palmas,Sergi Cardona,1464,0.332682905254714
90,Almería,Marc Pubill,399,0.315398353576568
80,Osasuna,Rubén Peña,1171,0.3125623470733432
361,Sevilla,Juanlu Sánchez,877,0.284524074609125
189,Real Madrid,Dani Carvajal,1180,0.2831119963785157
38,Sevilla,Jesús Navas,806,0.2743541006072644
211,Atlético de Madrid,Nahuel Molina,917,0.2705466370571377
400,Girona,Miguel Gutiérrez,1682,0.2667795564525219
422,Mallorca,Toni Lato,657,0.2614252252301723
186,Osasuna,Jesús Areso,1264,0.2581845057294354
343,Real Madrid,Fran García,770,0.2543163153911869
77,Sevilla,Adrià Pedrosa,1157,0.2439363511502651
94,Osasuna,Johan Mojica,724,0.2425750999627092
335,Villarreal,Alberto Moreno,599,0.2390400352002087
227,Athletic Club,Óscar De Marcos,1165,0.2384452602211397
66,Celta de Vigo,Óscar Mingueza,1498,0.2323799287333044
266,Rayo Vallecano,Alfonso Espino,1444,0.2280537383985063
327,Almería,Álex Pozo,797,0.224241199334239
326,Rayo Vallecano,Andrei Ratiu,260,0.2238082265736976
402,Valencia CF,José Gayà,1020,0.2232284039782623
256,Villarreal,Alfonso Pedraza,894,0.2205826192524468
393,Almería,César Montes,958,0.2163630253845643
0,Athletic Club,Yuri Berchiche,981,0.2163495577252073
284,Barcelona,Alejandro Balde,1288,0.2138117902683243
401,Real Madrid,Ferland Mendy,725,0.2111125123105194
73,Alavés,Javi López,990,0.2107764784744239
165,Real Betis,Héctor Bellerín,939,0.2029832884988223
235,Villarreal,Carlos Romero,237,0.2024841544107423
56,Barcelona,João Cancelo,1267,0.1997364173505933
226,Mallorca,Jaume Costa,954,0.1965113634140512
21,Getafe,Juan Iglesias,797,0.1956123030199339
160,Mallorca,Giovanni González,1198,0.1895511325532877
359,Mallorca,Pablo Maffeo,1032,0.1756175870805407
225,Alavés,Andoni Gorosabel,1613,0.1737274996556832
356,Cádiz,Lucas Pires,757,0.1666601054631415
405,Villarreal,Juan Foyth,1063,0.1646048677749701
330,Real Betis,Juan Miranda,830,0.1605911021098822
379,Sevilla,Marcos Acuña,456,0.1597200551439279
429,Celta de Vigo,Manu Sánchez,1079,0.1578269401737463
375,Getafe,Diego Rico,1247,0.1551333383288278
378,Granada CF,Ricard Sánchez,1355,0.1535375154372875
248,Real Betis,Abner,880,0.1512951089093995
163,Sevilla,Sergio Ramos,898,0.1477583612917339
181,Celta de Vigo,Unai Núñez,1709,0.1446188583692736
96,Celta de Vigo,Kevin Vázquez,626,0.1398776940257681
173,Alavés,Rubén Duarte,980,0.1378784608571033
217,Las Palmas,Daley Sinkgraven,229,0.1377861357020629
229,Almería,Álex Centelles,225,0.1343936450857075
247,Valencia CF,Thierry Correia,1380,0.1295214180352795
200,Cádiz,Jorge Meré,330,0.1290100973574315
407,Real Sociedad,Kieran Tierney,741,0.1286592470439779
349,Real Sociedad,Hamari Traoré,1478,0.1220479759609631
5,Real Betis,Chadi Riad,1104,0.1216189854611842
255,Celta de Vigo,Mihailo Ristic,499,0.1141426844289422
120,Almería,Sergio Akieme,1530,0.1138844495432359
223,Mallorca,Antonio Raíllo,713,0.1136747203268641
362,Atlético de Madrid,César Azpilicueta,949,0.1116879757976883
41,Valencia CF,Cristhian Mosquera,1364,0.1116828204775208
142,Celta de Vigo,Carl Starfelt,1359,0.1097912933085633
305,Las Palmas,Julián Araujo,995,0.1094966216714536
353,Rayo Vallecano,Iván Balliu,1432,0.108791596472843
102,Granada CF,Miguel Rubio,570,0.1087514739335893
111,Getafe,Damián Suárez,1216,0.1042787603585057
103,Villarreal,Raúl Albiol,1279,0.1011979832108348
47,Real Betis,Marc Bartra,225,0.0996248500046564
72,Getafe,Gastón Álvarez,1420,0.091458032489203
216,Almería,Edgar González,1309,0.0891390261400008
7,Atlético de Madrid,Mario Hermoso,1492,0.0887357891794916
316,Cádiz,Fali,1519,0.0877325565759912
190,Villarreal,Jorge Cuenca,981,0.0859179987577112
291,Granada CF,Carlos Neva,1626,0.0859127980870711
1,Barcelona,Jules Koundé,1251,0.0842967284521932
304,Almería,Houboulang Mendes,396,0.0842750746330978
419,Osasuna,Alejandro Catena,1344,0.0821557970516534
395,Real Sociedad,Aihen Muñoz,1081,0.0780540756333918
296,Cádiz,Iza Carcelén,1498,0.0763236470841444
331,Real Betis,Germán Pezzella,1583,0.0756317268338316
285,Real Madrid,David Alaba,1156,0.0749989123486693
311,Barcelona,Íñigo Martínez,543,0.0730748851537322
391,Girona,David López,1193,0.0717971639289831
224,Alavés,Rafa Marín,1086,0.0701116972196248
257,Athletic Club,Dani Vivian,1779,0.0700051481691596
141,Las Palmas,Álex Suárez,1191,0.0687285266399619
158,Real Sociedad,Aritz Elustondo,445,0.0669977481958171
201,Sevilla,Kike Salas,508,0.06676844122068
267,Mallorca,Copete,546,0.0609635015488069
215,Villarreal,Adrià Alti,723,0.0607483360529494
101,Girona,Arnau Martínez,831,0.0606948830047104
381,Athletic Club,Íñigo Lekue,1159,0.0600177004688203
191,Granada CF,Ignasi Miquel,1665,0.0590112030294059
198,Girona,Daley Blind,1711,0.0586306914118109
196,Real Sociedad,Jon Pacheco,344,0.0580262234612475
292,Cádiz,Javi Hernández,1401,0.0576111976565204
199,Barcelona,Ronald Araújo,1021,0.0480796598486362
366,Valencia CF,Mouctar Diakhaby,892,0.0476269885099109
220,Alavés,Aleksandar Sedlar,948,0.0463739481729856
126,Rayo Vallecano,Aridane Hernández,881,0.0451368596318831
414,Mallorca,Martin Valjent,1374,0.0429326606138183
182,Sevilla,Loïc Badé,952,0.0424865245280679
176,Las Palmas,Mika Mármol,1490,0.041916199971206
423,Real Madrid,Nacho,584,0.0413808528119027
352,Rayo Vallecano,Florian Lejeune,1708,0.0403740786024985
22,Osasuna,Juan Cruz,1005,0.0390390340962495
369,Almería,Chumi,1384,0.0386101399109792
64,Getafe,Stefan Mitrovic,700,0.0358497869141592
337,Atlético de Madrid,Axel Witsel,1550,0.0354357106211179
26,Athletic Club,Imanol García de Albéniz,259,0.0350741199769681
35,Barcelona,Andreas Christensen,1093,0.0335077860114705
202,Atlético de Madrid,Stefan Savic,724,0.0326976820400823
367,Valencia CF,Yarek Gasiorowski,273,0.0316965844945996
397,Osasuna,David García,1620,0.0313504724488683
135,Real Sociedad,Igor Zubeldia,1591,0.0310177732047696
29,Las Palmas,Saúl Coco,1206,0.0309627078430386
60,Valencia CF,Gabriel Paulista,1151,0.0274690106600698
264,Barcelona,Eric García,1279,0.0260526508300152
213,Athletic Club,Aitor Paredes,1606,0.0250977006222641
294,Alavés,Nahuel Tenaglia,292,0.0244125991250916
123,Mallorca,Matija Nastasic,1177,0.0182008048486584
308,Valencia CF,Cenk Özkacar,587,0.0171669979418229
11,Real Madrid,Antonio Rüdiger,1570,0.0160054799817069
410,Alavés,Abdelkabir Abqar,1255,0.0156619915464954
156,Real Sociedad,Robin Le Normand,1407,0.014771153906095
162,Sevilla,Nemanja Gudelj,1378,0.0147357010978394
19,Cádiz,Luis Hernández,632,0.0144878085908814
315,Rayo Vallecano,Abdul Mumin,795,0.0124392297538769
246,Granada CF,Raúl Torrente,1033,0.0122763116251644
263,Real Betis,Luiz Felipe,360,0.0095836897946334
53,Mallorca,Siebe Van der Heyden,274,0.0060653031122426
106,Getafe,Domingos Duarte,759,0.0057592428047715
240,Celta de Vigo,Carlos Domínguez,492,0.0048634940140607
303,Cádiz,Victor Chust,362,0.0047004068307307
205,Villarreal,Matteo Gabbia,478,0.0041119248190322
195,Atlético de Madrid,José Giménez,651,0.0026953886824207
295,Villarreal,Aïssa Mandi,645,0.002324540025251
254,Getafe,Omar Alderete,638,0.0019641632073429
118,Almería,Kaiky,430,0.0017539801263276
245,Celta de Vigo,Joseph Aidoo,407,0.0005672729068402
184,Osasuna,Jorge Herrando,215,0.0004130935817093
333,Girona,Juanpe,275,0.0001148808765641
