,player_team,player_name,player_minute,pass_ec_mean
196,Real Sociedad,Jon Pacheco,344,0.4796131608774694
198,Girona,Daley Blind,1711,0.4263999944249958
246,Granada CF,Raúl Torrente,1033,0.4179471335965237
156,Real Sociedad,Robin Le Normand,1407,0.4129683557794124
41,Valencia CF,Cristhian Mosquera,1364,0.4103700865175871
391,Girona,David López,1193,0.4087537974728534
135,Real Sociedad,Igor Zubeldia,1591,0.4059008010072908
205,Villarreal,Matteo Gabbia,478,0.4043899012832816
35,Barcelona,Andreas Christensen,1093,0.3995783154797155
321,Rayo Vallecano,Pep Chavarría,245,0.3973913679172783
229,Almería,Álex Centelles,225,0.3927367360057759
94,Osasuna,Johan Mojica,724,0.3920144464893655
60,Valencia CF,Gabriel Paulista,1151,0.3880866052575475
311,Barcelona,Íñigo Martínez,543,0.3868434215618794
118,Almería,Kaiky,430,0.3795326961975307
216,Almería,Edgar González,1309,0.3785602600424813
102,Granada CF,Miguel Rubio,570,0.3772080630502828
247,Valencia CF,Thierry Correia,1380,0.3726968843028589
176,Las Palmas,Mika Mármol,1490,0.3719808555169688
103,Villarreal,Raúl Albiol,1279,0.3691221709910945
1,Barcelona,Jules Koundé,1251,0.3683787713822325
211,Atlético de Madrid,Nahuel Molina,917,0.36820571557412
375,Getafe,Diego Rico,1247,0.3670793864277744
366,Valencia CF,Mouctar Diakhaby,892,0.3656257937235166
191,Granada CF,Ignasi Miquel,1665,0.3653083843675209
264,Barcelona,Eric García,1279,0.3612216360077073
337,Atlético de Madrid,Axel Witsel,1550,0.358053609881497
369,Almería,Chumi,1384,0.3543025715662003
66,Celta de Vigo,Óscar Mingueza,1498,0.3539935146674279
352,Rayo Vallecano,Florian Lejeune,1708,0.3523820298666532
379,Sevilla,Marcos Acuña,456,0.3495844900073784
308,Valencia CF,Cenk Özkacar,587,0.3492228311154481
362,Atlético de Madrid,César Azpilicueta,949,0.3479337635877211
359,Mallorca,Pablo Maffeo,1032,0.3474792239228812
397,Osasuna,David García,1620,0.3453942429427284
393,Almería,César Montes,958,0.3438369516609137
182,Sevilla,Loïc Badé,952,0.3425484760730678
295,Villarreal,Aïssa Mandi,645,0.3397375738092273
405,Villarreal,Juan Foyth,1063,0.3395255436846991
38,Sevilla,Jesús Navas,806,0.3394041074138387
227,Athletic Club,Óscar De Marcos,1165,0.3390028792697485
181,Celta de Vigo,Unai Núñez,1709,0.3386843097408089
190,Villarreal,Jorge Cuenca,981,0.338014863559295
163,Sevilla,Sergio Ramos,898,0.3346202456148194
395,Real Sociedad,Aihen Muñoz,1081,0.3337639055781878
266,Rayo Vallecano,Alfonso Espino,1444,0.3337517812555121
73,Alavés,Javi López,990,0.3330039238321587
285,Real Madrid,David Alaba,1156,0.3316888444395915
381,Athletic Club,Íñigo Lekue,1159,0.3301827301859883
7,Atlético de Madrid,Mario Hermoso,1492,0.3289423718209779
407,Real Sociedad,Kieran Tierney,741,0.326839408661528
162,Sevilla,Nemanja Gudelj,1378,0.326049004300018
184,Osasuna,Jorge Herrando,215,0.326012737341819
19,Cádiz,Luis Hernández,632,0.3247713709356876
223,Mallorca,Antonio Raíllo,713,0.3242139139250282
199,Barcelona,Ronald Araújo,1021,0.3238887873884988
5,Real Betis,Chadi Riad,1104,0.323658657852596
356,Cádiz,Lucas Pires,757,0.3221205271784878
29,Las Palmas,Saúl Coco,1206,0.3200630519369374
173,Alavés,Rubén Duarte,980,0.318531676494353
90,Almería,Marc Pubill,399,0.3182816098398938
213,Athletic Club,Aitor Paredes,1606,0.3167101394170357
101,Girona,Arnau Martínez,831,0.3165867579282869
158,Real Sociedad,Aritz Elustondo,445,0.3163842259613632
330,Real Betis,Juan Miranda,830,0.3159801672216286
331,Real Betis,Germán Pezzella,1583,0.3159316967704583
111,Getafe,Damián Suárez,1216,0.3147877025274787
47,Real Betis,Marc Bartra,225,0.3145950296022992
361,Sevilla,Juanlu Sánchez,877,0.3136765888903719
245,Celta de Vigo,Joseph Aidoo,407,0.3129498273870522
327,Almería,Álex Pozo,797,0.31260040687374
235,Villarreal,Carlos Romero,237,0.3125980875211924
202,Atlético de Madrid,Stefan Savic,724,0.3114058242323279
201,Sevilla,Kike Salas,508,0.3111402895567904
53,Mallorca,Siebe Van der Heyden,274,0.310217671695472
56,Barcelona,João Cancelo,1267,0.3082544870553181
294,Alavés,Nahuel Tenaglia,292,0.305584822738434
429,Celta de Vigo,Manu Sánchez,1079,0.3040011801135924
26,Athletic Club,Imanol García de Albéniz,259,0.3034020885729298
255,Celta de Vigo,Mihailo Ristic,499,0.3001376018288009
0,Athletic Club,Yuri Berchiche,981,0.299900703604227
257,Athletic Club,Dani Vivian,1779,0.2996096954588466
217,Las Palmas,Daley Sinkgraven,229,0.2992293932155482
243,Real Madrid,Lucas Vázquez,482,0.2991749564347415
402,Valencia CF,José Gayà,1020,0.2984884835592556
291,Granada CF,Carlos Neva,1626,0.2974620013073804
226,Mallorca,Jaume Costa,954,0.2972600854497382
200,Cádiz,Jorge Meré,330,0.2971625138253624
244,Las Palmas,Sergi Cardona,1464,0.295156458877353
248,Real Betis,Abner,880,0.2950298840652381
225,Alavés,Andoni Gorosabel,1613,0.2928599398892929
22,Osasuna,Juan Cruz,1005,0.2922912651968852
123,Mallorca,Matija Nastasic,1177,0.2914263526660596
11,Real Madrid,Antonio Rüdiger,1570,0.2885363308581046
169,Real Betis,Aitor Ruibal,647,0.2885129216795422
96,Celta de Vigo,Kevin Vázquez,626,0.2875813903942719
343,Real Madrid,Fran García,770,0.2871800376881289
333,Girona,Juanpe,275,0.286183219752522
113,Cádiz,Momo Mbaye,286,0.2855747656473271
419,Osasuna,Alejandro Catena,1344,0.2853166602811067
160,Mallorca,Giovanni González,1198,0.2849574538172166
106,Getafe,Domingos Duarte,759,0.284910831160801
80,Osasuna,Rubén Peña,1171,0.2821422248042152
304,Almería,Houboulang Mendes,396,0.2819452295746664
165,Real Betis,Héctor Bellerín,939,0.2815971204714046
422,Mallorca,Toni Lato,657,0.2801624891664656
224,Alavés,Rafa Marín,1086,0.2784639720465227
349,Real Sociedad,Hamari Traoré,1478,0.27730904053432
186,Osasuna,Jesús Areso,1264,0.2768217760787512
189,Real Madrid,Dani Carvajal,1180,0.2766897693161024
414,Mallorca,Martin Valjent,1374,0.2745606568981393
423,Real Madrid,Nacho,584,0.2720197009035244
316,Cádiz,Fali,1519,0.2717284988063142
220,Alavés,Aleksandar Sedlar,948,0.2704696948981854
120,Almería,Sergio Akieme,1530,0.2701380992833237
400,Girona,Miguel Gutiérrez,1682,0.2690234726632992
77,Sevilla,Adrià Pedrosa,1157,0.2684588526876262
401,Real Madrid,Ferland Mendy,725,0.2653418727020881
315,Rayo Vallecano,Abdul Mumin,795,0.2646977872448573
21,Getafe,Juan Iglesias,797,0.2638711380781537
126,Rayo Vallecano,Aridane Hernández,881,0.2634432519448038
215,Villarreal,Adrià Alti,723,0.2625803489881954
267,Mallorca,Copete,546,0.2610645714391286
142,Celta de Vigo,Carl Starfelt,1359,0.2582626070318344
292,Cádiz,Javi Hernández,1401,0.2580362361092776
378,Granada CF,Ricard Sánchez,1355,0.2558448696042402
263,Real Betis,Luiz Felipe,360,0.2556037208872361
254,Getafe,Omar Alderete,638,0.2546460506041854
303,Cádiz,Victor Chust,362,0.2543542184547241
256,Villarreal,Alfonso Pedraza,894,0.2542490830399828
334,Real Betis,Youssouf Sabaly,270,0.2538260988940684
296,Cádiz,Iza Carcelén,1498,0.2494113442226851
97,Granada CF,Wilson Manafá,241,0.2408749891004832
353,Rayo Vallecano,Iván Balliu,1432,0.2407685127592567
188,Atlético de Madrid,Yannick Carrasco,223,0.2390790495467807
240,Celta de Vigo,Carlos Domínguez,492,0.2369343306677608
284,Barcelona,Alejandro Balde,1288,0.2366868506546695
326,Rayo Vallecano,Andrei Ratiu,260,0.2333001228240578
72,Getafe,Gastón Álvarez,1420,0.2213304803470892
141,Las Palmas,Álex Suárez,1191,0.2210173949702796
335,Villarreal,Alberto Moreno,599,0.2199384025071939
195,Atlético de Madrid,José Giménez,651,0.218627899560602
367,Valencia CF,Yarek Gasiorowski,273,0.2179206004865262
410,Alavés,Abdelkabir Abqar,1255,0.2122682907719517
305,Las Palmas,Julián Araujo,995,0.2006230057498486
64,Getafe,Stefan Mitrovic,700,0.2002497324110605
